{
  "symbol": "BTC/USDT:USDT",
  "venue": "binance",
  "base_risk_pct": 0.01,
  "sl_pct": 0.015,
  "tp_pct": 0.045,
  "lle": -0.05,
  "drawdown_pct": 1.2,
  "chaos_detected": false,
  "heatmap_intensity": "LOW",
  "oi_spike": false,
  "recent_pnl_history": [-0.2, 0.1, -0.05, 0.4],
  "returns_array": [0.001, -0.002, 0.0008, -0.0012, 0.0003, -0.0007, 0.0011, -0.0005, 0.0002, -0.0001, 0.0012, -0.0013, 0.0006, -0.0004, 0.0002, -0.0003, 0.0005, -0.0002, 0.0001, -0.0001, 0.0009, -0.001, 0.0004, -0.0002, 0.0002, -0.0002, 0.0003, -0.0003, 0.0006, -0.0005, 0.0007, -0.0008, 0.0005, -0.0004, 0.0003, -0.0002, 0.0002, -0.0001, 0.0004, -0.0005],
  "contagion_correlation": 0.55,
  "dry_run": true,
  "confluence_mode": "MAJORITY"
}
